{
	"blacklist_hats": [],
	"loot_hat_from_chests": false,
	"loot_hat_from_boss": false,
	"custom_hats": [
		{
			"name": "AmalgalichHat",
			"weight": 2,
			"elusive": true
		},
		{
			"name": "herobrine",
			"weight": 2,
			"elusive": true
		},
		{
			"name": "angrymask",
			"weight": 2,
			"elusive": true
		},
		{
			"name": "artsy",
			"weight": 2,
			"elusive": true
		},
		{
			"name": "bandanablue",
			"weight": 2,
			"elusive": true
		},
		{
			"name": "bandanared",
			"weight": 2,
			"elusive": true
		},
		{
			"name": "bandanaRGB",
			"weight": 2,
			"elusive": true
		},
		{
			"name": "bandanayellow",
			"weight": 2,
			"elusive": true
		},
		{
			"name": "Baseballhatblack",
			"weight": 2,
			"elusive": true
		},
		{
			"name": "baseballhatblue",
			"weight": 2,
			"elusive": true
		},
		{
			"name": "Baseballhatgreen",
			"weight": 2,
			"elusive": true
		},
		{
			"name": "Baseballhatred",
			"weight": 2,
			"elusive": true
		},
		{
			"name": "BaseballhatRGB",
			"weight": 2,
			"elusive": true
		},
		{
			"name": "Baseballhatyellow",
			"weight": 2,
			"elusive": true
		},
		{
			"name": "Beanieblue",
			"weight": 2,
			"elusive": true
		},
		{
			"name": "Beaniepink",
			"weight": 2,
			"elusive": true
		},
		{
			"name": "Beaniered",
			"weight": 2,
			"elusive": true
		},
		{
			"name": "BeanieRGB",
			"weight": 2,
			"elusive": true
		},
		{
			"name": "Beaniewhite",
			"weight": 2,
			"elusive": true
		},
		{
			"name": "Bicorne",
			"weight": 2,
			"elusive": true
		},
		{
			"name": "bigbrain",
			"weight": 2,
			"elusive": true
		},
		{
			"name": "BigSteveHead",
			"weight": 2,
			"elusive": true
		},
		{
			"name": "bluedragonhead",
			"weight": 2,
			"elusive": true
		},
		{
			"name": "bluefireeye",
			"weight": 2,
			"elusive": true
		},
		{
			"name": "bowler",
			"weight": 2,
			"elusive": true
		},
		{
			"name": "breadhat",
			"weight": 2,
			"elusive": true
		},
		{
			"name": "brownbrick",
			"weight": 2,
			"elusive": true
		},
		{
			"name": "Caddycap",
			"weight": 2,
			"elusive": true
		},
		{
			"name": "Caddycapblack",
			"weight": 2,
			"elusive": true
		},
		{
			"name": "CarrotOnStick",
			"weight": 2,
			"elusive": true
		},
		{
			"name": "Cowboy",
			"weight": 2,
			"elusive": true
		},
		{
			"name": "CowboyRGB",
			"weight": 2,
			"elusive": true
		},
		{
			"name": "Cuphead",
			"weight": 2,
			"elusive": true
		},
		{
			"name": "dangereqsue",
			"weight": 2,
			"elusive": true
		},
		{
			"name": "demonhorns",
			"weight": 2,
			"elusive": true
		},
		{
			"name": "dimmahat",
			"weight": 2,
			"elusive": true
		},
		{
			"name": "Discoball",
			"weight": 2,
			"elusive": true
		},
		{
			"name": "Doctorhat",
			"weight": 2,
			"elusive": true
		},
		{
			"name": "Dragonskull",
			"weight": 2,
			"elusive": true
		},
		{
			"name": "dragonskullender",
			"weight": 2,
			"elusive": true
		},
		{
			"name": "Dumhat",
			"weight": 2,
			"elusive": true
		},
		{
			"name": "dwarfbeard",
			"weight": 2,
			"elusive": true
		},
		{
			"name": "dwarfminerbeard",
			"weight": 2,
			"elusive": true
		},
		{
			"name": "elfhat",
			"weight": 2,
			"elusive": true
		},
		{
			"name": "eyepatch",
			"weight": 2,
			"elusive": true
		},
		{
			"name": "farmerbrim",
			"weight": 2,
			"elusive": true
		},
		{
			"name": "FinnHood",
			"weight": 2,
			"elusive": true
		},
		{
			"name": "flowercrown",
			"weight": 2,
			"elusive": true
		},
		{
			"name": "Fro",
			"weight": 2,
			"elusive": true
		},
		{
			"name": "fronthorns",
			"weight": 2,
			"elusive": true
		},
		{
			"name": "fulldiamondhelm",
			"weight": 2,
			"elusive": true
		},
		{
			"name": "fullgoldhelm",
			"weight": 2,
			"elusive": true
		},
		{
			"name": "fullironhelm",
			"weight": 2,
			"elusive": true
		},
		{
			"name": "GrandmaDisguise",
			"weight": 2,
			"elusive": true
		},
		{
			"name": "greenbirb",
			"weight": 2,
			"elusive": true
		},
		{
			"name": "greenstache",
			"weight": 2,
			"elusive": true
		},
		{
			"name": "HeadphonesBlue",
			"weight": 2,
			"elusive": true
		},
		{
			"name": "Headphonesjamaica",
			"weight": 2,
			"elusive": true
		},
		{
			"name": "HeadphonesPink",
			"weight": 2,
			"elusive": true
		},
		{
			"name": "HeadphonesRed",
			"weight": 2,
			"elusive": true
		},
		{
			"name": "holyhead",
			"weight": 2,
			"elusive": true
		},
		{
			"name": "horsemask",
			"weight": 2,
			"elusive": true
		},
		{
			"name": "Icedragonskull",
			"weight": 2,
			"elusive": true
		},
		{
			"name": "jakehat",
			"weight": 2,
			"elusive": true
		},
		{
			"name": "largehorns",
			"weight": 2,
			"elusive": true
		},
		{
			"name": "minerhat",
			"weight": 2,
			"elusive": true
		},
		{
			"name": "nekoears",
			"weight": 2,
			"elusive": true
		},
		{
			"name": "paperbag",
			"weight": 2,
			"elusive": true
		},
		{
			"name": "paypay",
			"weight": 2,
			"elusive": true
		},
		{
			"name": "peepo",
			"weight": 2,
			"elusive": true
		},
		{
			"name": "PlagueDoctor",
			"weight": 2,
			"elusive": true
		},
		{
			"name": "pog",
			"weight": 2,
			"elusive": true
		},
		{
			"name": "Poofballgreen",
			"weight": 2,
			"elusive": true
		},
		{
			"name": "Poofballhatblack",
			"weight": 2,
			"elusive": true
		},
		{
			"name": "Poofballhatblue",
			"weight": 2,
			"elusive": true
		},
		{
			"name": "Poofballred",
			"weight": 2,
			"elusive": true
		},
		{
			"name": "PoofballRGB",
			"weight": 2,
			"elusive": true
		},
		{
			"name": "popehat",
			"weight": 2,
			"elusive": true
		},
		{
			"name": "potionhead",
			"weight": 2,
			"elusive": true
		},
		{
			"name": "propelhat",
			"weight": 2,
			"elusive": true
		},
		{
			"name": "questbook",
			"weight": 2,
			"elusive": true
		},
		{
			"name": "rainboworbiters",
			"weight": 2,
			"elusive": true
		},
		{
			"name": "Ranahat",
			"weight": 2,
			"elusive": true
		},
		{
			"name": "reddragonhead",
			"weight": 2,
			"elusive": true
		},
		{
			"name": "rednose",
			"weight": 2,
			"elusive": true
		},
		{
			"name": "redShroomCap",
			"weight": 2,
			"elusive": true
		},
		{
			"name": "redstache",
			"weight": 2,
			"elusive": true
		},
		{
			"name": "Rock",
			"weight": 2,
			"elusive": true
		},
		{
			"name": "santahat",
			"weight": 2,
			"elusive": true
		},
		{
			"name": "sheep",
			"weight": 2,
			"elusive": true
		},
		{
			"name": "ShroomCap",
			"weight": 2,
			"elusive": true
		},
		{
			"name": "sombrero",
			"weight": 2,
			"elusive": true
		},
		{
			"name": "Sprout",
			"weight": 2,
			"elusive": true
		},
		{
			"name": "stress",
			"weight": 2,
			"elusive": true
		},
		{
			"name": "SummerHat",
			"weight": 2,
			"elusive": true
		},
		{
			"name": "sunglasses",
			"weight": 2,
			"elusive": true
		},
		{
			"name": "supersandhat",
			"weight": 2,
			"elusive": true
		},
		{
			"name": "Swimmer",
			"weight": 2,
			"elusive": true
		},
		{
			"name": "Thonk",
			"weight": 2,
			"elusive": true
		},
		{
			"name": "tinkerhat",
			"weight": 2,
			"elusive": true
		},
		{
			"name": "topcathat",
			"weight": 2,
			"elusive": true
		},
		{
			"name": "tophat",
			"weight": 2,
			"elusive": true
		},
		{
			"name": "toptophathat",
			"weight": 2,
			"elusive": true
		},
		{
			"name": "Tricorne",
			"weight": 2,
			"elusive": true
		},
		{
			"name": "UnicornHorn",
			"weight": 2,
			"elusive": true
		},
		{
			"name": "vikinghat",
			"weight": 2,
			"elusive": true
		},
		{
			"name": "vikinghatbeard",
			"weight": 2,
			"elusive": true
		},
		{
			"name": "VillagerNose",
			"weight": 2,
			"elusive": true
		},
		{
			"name": "zigzagwitchhat",
			"weight": 2,
			"elusive": true
		},
		{
			"name": "acornhat",
			"weight": 2,
			"elusive": true
		},
		{
			"name": "beehat",
			"weight": 2,
			"elusive": true
		},
		{
			"name": "bigeyes",
			"weight": 2,
			"elusive": true
		},
		{
			"name": "burgerhat",
			"weight": 2,
			"elusive": true
		},
		{
			"name": "chefshat",
			"weight": 2,
			"elusive": true
		},
		{
			"name": "cyclopseye",
			"weight": 2,
			"elusive": true
		},
		{
			"name": "fakeblight",
			"weight": 2,
			"elusive": true
		},
		{
			"name": "fakefire",
			"weight": 2,
			"elusive": true
		},
		{
			"name": "flies",
			"weight": 2,
			"elusive": true
		},
		{
			"name": "floatinghearts",
			"weight": 2,
			"elusive": true
		},
		{
			"name": "headshot",
			"weight": 2,
			"elusive": true
		},
		{
			"name": "jesterhat",
			"weight": 2,
			"elusive": true
		},
		{
			"name": "mohawk",
			"weight": 2,
			"elusive": true
		},
		{
			"name": "rabbitears",
			"weight": 2,
			"elusive": true
		},
		{
			"name": "redeyes",
			"weight": 2,
			"elusive": true
		},
		{
			"name": "rubbernipple",
			"weight": 2,
			"elusive": true
		},
		{
			"name": "triangleshades",
			"weight": 2,
			"elusive": true
		}
	],
	"hat_wearing_entities": [],
	"chance_of_entities_wearing_hats": 0,
	"__comment0": "The folder classyhats_resources will act as a resource pack for any custom hats you want to add.",
	"__comment1": "Put any hat names from the default HATS you don't want in the blacklist.",
	"__default_weight": 40,
	"__example_custom_hat": [
		{
			"name": "example",
			"weight": 2,
			"elusive": true
		}
	]
}
