[
	{
		"__comment" : "Cancel DynamicTreeOverride",
		"select": { "name": "openterraingenerator:.*" },
		"apply": {
			"cancelvanilla": false
		}
	},
	{
		"__comment" : "Cancel DynamicTreeOverride",
		"select": { "name": "minecraft:.*" },
		"apply": {
			"cancelvanilla": false
		}
	},
	{
		"__comment" : "Cancel DynamicTreeOverride",
		"select": { "name": "traverse:.*" },
		"apply": {
			"cancelvanilla": false
		}
	},
	{
		"__comment" : "Cancel DynamicTreeOverride",
		"select": { "name": "biomesoplenty:.*" },
		"apply": {
			"cancelvanilla": false
		}
	}
]