[
  {
    "block": "minecraft:piston",
    "message": "A powerful presence prevents you from placing this block.",
    "biome": ["Abyssal Rift"],
    "result": "deny"
  },
  {
    "block": "minecraft:dragon_egg",
    "message": "A powerful presence prevents you from placing this block.",
    "biome": ["Abyssal Rift"],
    "result": "deny"
  },
  {
    "block": "minecraft:sticky_piston",
    "message": "A powerful presence prevents you from placing this block.",
    "biome": ["Abyssal Rift"],
    "result": "deny"
  },
  {
    "block": "waystones:waystone",
    "message": "A powerful presence prevents you from placing this block.",
    "biome": ["Abyssal Rift"],
    "result": "deny"
  }
]
