{
  "canGenerateRivers": true,
  "beachBiomeLocation": "biomesoplenty:gravel_beach",
  "skyColor": -1,
  "fogDensity": 1.0,
  "hasBiomeEssence": true,
  "variationBelow": 10.0,
  "variationAbove": 25.0,
  "seaFloorBlock": {
    "block": "minecraft:dirt",
    "properties": {
      "snowy": "false",
      "variant": "dirt"
    }
  },
  "fillerBlock": {
    "block": "minecraft:dirt",
    "properties": {
      "snowy": "false",
      "variant": "dirt"
    }
  },
  "averageHeight": 70.0,
  "topBlock": {
    "block": "minecraft:grass",
    "properties": {
      "snowy": "false"
    }
  },
  "fogColor": -1,
  "canGenerateVillages": false,
  "canSpawnInBiome": true,
  "generators": {
    "glowshrooms": {
      "with": {
        "block": "biomesoplenty:mushroom",
        "properties": {
          "variant": "glowshroom"
        }
      },
      "generationAttempts": 64,
      "amountPerChunk": 1.5,
      "enable": true
    },
    "gravel": {
      "with": {
        "block": "minecraft:gravel",
        "properties": {}
      },
      "maxRadius": 7,
      "amountPerChunk": 6.0,
      "enable": true
    },
    "sand": {
      "with": {
        "block": "minecraft:sand",
        "properties": {
          "variant": "sand"
        }
      },
      "maxRadius": 7,
      "amountPerChunk": 3.0,
      "enable": true
    },
    "flowers": {
      "amountPerChunk": 0.1,
      "enable": true,
      "generators": {}
    },
    "miners_delight": {
      "with": {
        "block": "biomesoplenty:flower_1",
        "properties": {
          "variant": "miners_delight"
        }
      },
      "generationAttempts": 64,
      "amountPerChunk": 0.25,
      "enable": true
    },
    "dead_leaf_piles": {
      "with": {
        "block": "rustic:wildberry_bush",
        "properties": {
          "variant": "deadleafpile"
        }
      },
      "generationAttempts": 32,
      "amountPerChunk": 8.0,
      "enable": true
    },
    "grass": {
      "amountPerChunk": 1.2,
      "enable": true,
      "generators": {}
    },
    "roots": {
      "with": {
        "block": "biomesoplenty:plant_1",
        "properties": {
          "variant": "root"
        }
      },
      "generationAttempts": 32,
      "amountPerChunk": 4.0,
      "enable": true
    },
    "trees": {
      "amountPerChunk": 15.0,
      "enable": true,
      "generators": {}
    },
    "water_reeds": {
      "with": {
        "block": "biomesoplenty:plant_1",
        "properties": {
          "variant": "reed"
        }
      },
      "generationAttempts": 32,
      "amountPerChunk": 2.0,
      "enable": true
    },
    "tanzanite": {
      "minHeight": 4,
      "with": {
        "block": "biomesoplenty:gem_ore",
        "properties": {
          "variant": "tanzanite"
        }
      },
      "amountPerChunk": 12.0,
      "maxHeight": 32,
      "enable": true
    }
  },
  "weights": {
    "boreal": 10
  }
}