{
  "biomes":[
  ],
  "blocks":[
  ],
  "items": {
  },
  "dimensions":[
  ],
  "acoustics": {
  },
  "primitiveAcoustics": {
  },
  "footsteps":{
  },
  "forgeMappings":[
  ],
  "variators": {
  },
  "entities": {
    "minecraft:villager": {
      "effects": "bow,swing,footprint,breath,chat"
    },
    "minecraft:skeleton": {
      "effects": "bow,swing,footprint,chat",
      "variator": "skeleton"
    },
    "minecraft:zombie": {
      "effects": "bow,swing,footprint,chat"
    },
    "minecraft:witch": {
      "effects": "footprint,breath,chat"
    },
    "minecraft:squid": {
      "effects": "chat"
    },
    "minecraft:villager_golem": {
      "effects": "chat"
    },
    "minecraft:painting": {
      "effects": "chat"
    },
    "minecraft:vex": {
      "effects": "chat"
    },
    "minecraft:wither_skeleton": {
      "effects": "chat"
    },
    "minecraft:stray": {
      "effects": "chat"
    },
    "minecraft:illusion_illager": {
      "effects": "chat"
    },
    "minecraft:vindication_illager": {
      "effects": "chat"
    },
    "minecraft:evocation_illager": {
      "effects": "chat"
    },
    "iceandfire:snowvillager": {
      "effects": "bow,swing,footprint,breath,chat"
    },
    "iceandfire:if_troll": {
      "effects": "chat"
    },
    "iceandfire:if_pixie": {
      "effects": "chat"
    },
    "quark:archaeologist": {
      "effects": "bow,swing,footprint,breath,chat"
    },
    "quark:pirate": {
      "effects": "chat"
    },
    "srparasites:sim_adventurer": {
      "effects": "chat"
    },
    "srparasites:sim_human": {
      "effects": "chat"
    },
    "srparasites:sim_villager": {
      "effects": "chat"
    },
    "minecraft:pig": {
      "effects": "chat"
    },
    "iceandfire:firedragon": {
      "effects": "chat"
    },
    "iceandfire:icedragon": {
      "effects": "chat"
    },
    "iceandfire:lightningdragon": {
      "effects": "chat"
    },
    "battletowers:golem": {
      "effects": "chat"
    }
  }
}